Workbook

Sheet วิธีใช้
A1: คลังคำศัพท์บทเรียนฝึกพิมพ์ไทย (ร่าง 2)
A3: แท็บ บทXX = คำสำหรับบทแป้นใหม่นั้น ทุกคำใช้เฉพาะแป้นที่เรียนแล้ว และมีแป้นใหม่ของบทอย่างน้อย 1 ตัว
A4: ช่องที่แก้ได้: คอลัมน์ E 'เก็บ' (พื้นเหลือง) เลือก ✓ = ใช้ในบทเรียน, ✗ = ไม่ใช้ · เพิ่มคำเองได้ที่แถวว่างท้ายตาราง
A5: ตัดคำหยาบ/ไม่เหมาะกับเด็ก และคำสะกดผิดออกแล้ว คำที่เหลือตั้งเป็น ✓ ทั้งหมด · คอลัมน์ F ใช้จดหมายเหตุเอง
A6: ความถี่หนังสือเรียน = จำนวนครั้งที่พบใน Thai Textbook Corpus (TTC) ของ PyThaiNLP · ความถี่ทั่วไป = Thai National Corpus (TNC)
A7: บทที่มีคำมาก แสดงเฉพาะ 150 คำแรกที่พบบ่อยในหนังสือเรียน · คำที่พบในหนังสือเรียนน้อยกว่า 5 ครั้งไม่ได้ใส่ไว้
A8: บทบอส (3, 6, 9, 12, 17, 21, 25) ไม่มีแท็บแยก — สุ่มจากคำ ✓ ของทุกบทก่อนหน้ารวมกัน
A9: ด่าน 8 (บท 26–29 เลขไทย/เครื่องหมาย) ไม่ใช้คลังคำ — สร้างจากรูปแบบ เช่น ๑๒ ฿๕๐ (ต่อ) ทำไม?
A10: แท็บ 'ด่าน9' = ข้อความยาวของบท 30–34 · คอลัมน์ 'ใช้' เลือก ✓/✗ · เพิ่มข้อความเองได้ที่แถวว่าง (ห้ามมี : ! % _ และเลขอารบิก เพราะไม่มีบนแป้นเกษมณีฝั่งไทย)
A11: แท็บ 'สรุป' นับจำนวนคำ/ชุดข้อความ ✓ ของแต่ละบทให้อัตโนมัติ — เป้า: บทคำศัพท์ ≥40 คำ, ด่าน 9 ≥4 ชุดต่อบท
A13: ตัวอย่างแถว:
A14: ลำดับ | B14: คำ | C14: ความถี่หนังสือเรียน | D14: ความถี่ทั่วไป | E14: เก็บ | F14: หมายเหตุ
A15: 1 | B15: ดาว | C15: 339 | D15: — | E15: ✓ | F15: (ว่าง หรือบันทึกของครู)

Sheet สรุป
A1: บท | B1: ด่าน | C1: แป้นใหม่ / เนื้อหา | D1: แท็บ | E1: จำนวน ✓ | F1: สถานะ
A2: 1 | B2: 1 | C2: ห ด า ว | D2: บท01 | E2: =COUNTIF(บท01!E:E,"✓") -> 15 | F2: =IF(E2>=40,"🟢 พอ",IF(E2>=25,"🟠 พอใช้","🔴 น้อย")) -> 🔴 น้อย
A3: 2 | B3: 1 | C3: ก ส ่ ฟ | D3: บท02 | E3: =COUNTIF(บท02!E:E,"✓") -> 29 | F3: =IF(E3>=40,"🟢 พอ",IF(E3>=25,"🟠 พอใช้","🔴 น้อย")) -> 🟠 พอใช้
A4: 3 | B4: 1 | C4: บอส: รวมคำจากบทก่อนหน้า | D4: — | E4: =E2+E3 -> 44 | F4: =IF(E4>=40,"🟢 พอ",IF(E4>=25,"🟠 พอใช้","🔴 น้อย")) -> 🟢 พอ
A5: 4 | B5: 2 | C5: เ ง ร | D5: บท04 | E5: =COUNTIF(บท04!E:E,"✓") -> 110 | F5: =IF(E5>=40,"🟢 พอ",IF(E5>=25,"🟠 พอใช้","🔴 น้อย")) -> 🟢 พอ
A6: 5 | B6: 2 | C6: ้ ำ ไ | D6: บท05 | E6: =COUNTIF(บท05!E:E,"✓") -> 81 | F6: =IF(E6>=40,"🟢 พอ",IF(E6>=25,"🟠 พอใช้","🔴 น้อย")) -> 🟢 พอ
A7: 6 | B7: 2 | C7: บอส: รวมคำจากบทก่อนหน้า | D7: — | E7: =E2+E3+E5+E6 -> 235 | F7: =IF(E7>=40,"🟢 พอ",IF(E7>=25,"🟠 พอใช้","🔴 น้อย")) -> 🟢 พอ
A8: 7 | B8: 3 | C8: พ ะ ม น | D8: บท07 | E8: =COUNTIF(บท07!E:E,"✓") -> 150 | F8: =IF(E8>=40,"🟢 พอ",IF(E8>=25,"🟠 พอใช้","🔴 น้อย")) -> 🟢 พอ
A9: 8 | B9: 3 | C9: ั ี แ ป | D9: บท08 | E9: =COUNTIF(บท08!E:E,"✓") -> 150 | F9: =IF(E9>=40,"🟢 พอ",IF(E9>=25,"🟠 พอใช้","🔴 น้อย")) -> 🟢 พอ
A10: 9 | B10: 3 | C10: บอส: รวมคำจากบทก่อนหน้า | D10: — | E10: =E2+E3+E5+E6+E8+E9 -> 535 | F10: =IF(E10>=40,"🟢 พอ",IF(E10>=25,"🟠 พอใช้","🔴 น้อย")) -> 🟢 พอ
A11: 10 | B11: 4 | C11: อ ิ ย ใ | D11: บท10 | E11: =COUNTIF(บท10!E:E,"✓") -> 150 | F11: =IF(E11>=40,"🟢 พอ",IF(E11>=25,"🟠 พอใช้","🔴 น้อย")) -> 🟢 พอ
A12: 11 | B12: 4 | C12: ท ื ผ ๆ | D12: บท11 | E12: =COUNTIF(บท11!E:E,"✓") -> 150 | F12: =IF(E12>=40,"🟢 พอ",IF(E12>=25,"🟠 พอใช้","🔴 น้อย")) -> 🟢 พอ
A13: 12 | B13: 4 | C13: บอส: รวมคำจากบทก่อนหน้า | D13: — | E13: =E2+E3+E5+E6+E8+E9+E11+E12 -> 835 | F13: =IF(E13>=40,"🟢 พอ",IF(E13>=25,"🟠 พอใช้","🔴 น้อย")) -> 🟢 พอ
A14: 13 | B14: 5 | C14: บ ล ฝ | D14: บท13 | E14: =COUNTIF(บท13!E:E,"✓") -> 150 | F14: =IF(E14>=40,"🟢 พอ",IF(E14>=25,"🟠 พอใช้","🔴 น้อย")) -> 🟢 พอ
A15: 14 | B15: 5 | C15: ค ต ถ ภ | D15: บท14 | E15: =COUNTIF(บท14!E:E,"✓") -> 150 | F15: =IF(E15>=40,"🟢 พอ",IF(E15>=25,"🟠 พอใช้","🔴 น้อย")) -> 🟢 พอ
A16: 15 | B16: 5 | C16: ุ ึ | D16: บท15 | E16: =COUNTIF(บท15!E:E,"✓") -> 150 | F16: =IF(E16>=40,"🟢 พอ",IF(E16>=25,"🟠 พอใช้","🔴 น้อย")) -> 🟢 พอ
A17: 16 | B17: 5 | C17: จ ข ช | D17: บท16 | E17: =COUNTIF(บท16!E:E,"✓") -> 150 | F17: =IF(E17>=40,"🟢 พอ",IF(E17>=25,"🟠 พอใช้","🔴 น้อย")) -> 🟢 พอ
A18: 17 | B18: 5 | C18: บอส: รวมคำจากบทก่อนหน้า | D18: — | E18: =E2+E3+E5+E6+E8+E9+E11+E12+E14+E15+E16+E17 -> 1435 | F18: =IF(E18>=40,"🟢 พอ",IF(E18>=25,"🟠 พอใช้","🔴 น้อย")) -> 🟢 พอ
A19: 18 | B19: 6 | C19: โ ธ ณ | D19: บท18 | E19: =COUNTIF(บท18!E:E,"✓") -> 150 | F19: =IF(E19>=40,"🟢 พอ",IF(E19>=25,"🟠 พอใช้","🔴 น้อย")) -> 🟢 พอ
A20: 19 | B20: 6 | C20: ็ ์ ฉ | D20: บท19 | E20: =COUNTIF(บท19!E:E,"✓") -> 150 | F20: =IF(E20>=40,"🟢 พอ",IF(E20>=25,"🟠 พอใช้","🔴 น้อย")) -> 🟢 พอ
A21: 20 | B21: 6 | C21: ซ ญ ศ ฮ | D21: บท20 | E21: =COUNTIF(บท20!E:E,"✓") -> 150 | F21: =IF(E21>=40,"🟢 พอ",IF(E21>=25,"🟠 พอใช้","🔴 น้อย")) -> 🟢 พอ
A22: 21 | B22: 6 | C22: บอส: รวมคำจากบทก่อนหน้า | D22: — | E22: =E2+E3+E5+E6+E8+E9+E11+E12+E14+E15+E16+E17+E19+E20+E21 -> 1885 | F22: =IF(E22>=40,"🟢 พอ",IF(E22>=25,"🟠 พอใช้","🔴 น้อย")) -> 🟢 พอ
A23: 22 | B23: 7 | C23: ู ษ ฒ ฆ | D23: บท22 | E23: =COUNTIF(บท22!E:E,"✓") -> 150 | F23: =IF(E23>=40,"🟢 พอ",IF(E23>=25,"🟠 พอใช้","🔴 น้อย")) -> 🟢 พอ
A24: 23 | B24: 7 | C24: ๊ ๋ ฏ ฐ | D24: บท23 | E24: =COUNTIF(บท23!E:E,"✓") -> 150 | F24: =IF(E24>=40,"🟢 พอ",IF(E24>=25,"🟠 พอใช้","🔴 น้อย")) -> 🟢 พอ
A25: 24 | B25: 7 | C25: ฎ ฑ ฌ ฬ ฤ ฯ | D25: บท24 | E25: =COUNTIF(บท24!E:E,"✓") -> 136 | F25: =IF(E25>=40,"🟢 พอ",IF(E25>=25,"🟠 พอใช้","🔴 น้อย")) -> 🟢 พอ
A26: 25 | B26: 7 | C26: บอส: รวมคำจากบทก่อนหน้า | D26: — | E26: =E2+E3+E5+E6+E8+E9+E11+E12+E14+E15+E16+E17+E19+E20+E21+E23+E24+E25 -> 2321 | F26: =IF(E26>=40,"🟢 พอ",IF(E26>=25,"🟠 พอใช้","🔴 น้อย")) -> 🟢 พอ
A27: 30 | B27: 9 | C27: ประโยคเดี่ยว · 2 นาที | D27: ด่าน9 | E27: =COUNTIFS(ด่าน9!A:A,30,ด่าน9!E:E,"✓") -> 5 | F27: =IF(E27>=4,"🟢 พอ","🟠 เพิ่มชุด") -> 🟢 พอ
A28: 31 | B28: 9 | C28: นิทาน/เรื่องเล่า · 3 นาที | D28: ด่าน9 | E28: =COUNTIFS(ด่าน9!A:A,31,ด่าน9!E:E,"✓") -> 5 | F28: =IF(E28>=4,"🟢 พอ","🟠 เพิ่มชุด") -> 🟢 พอ
A29: 32 | B29: 9 | C29: ความรู้ข้ามวิชา · 3 นาที | D29: ด่าน9 | E29: =COUNTIFS(ด่าน9!A:A,32,ด่าน9!E:E,"✓") -> 5 | F29: =IF(E29>=4,"🟢 พอ","🟠 เพิ่มชุด") -> 🟢 พอ
A30: 33 | B30: 9 | C30: ตัวเลข เครื่องหมาย วันที่ · 4 นาที | D30: ด่าน9 | E30: =COUNTIFS(ด่าน9!A:A,33,ด่าน9!E:E,"✓") -> 5 | F30: =IF(E30>=4,"🟢 พอ","🟠 เพิ่มชุด") -> 🟢 พอ
A31: 34 | B31: 9 | C31: 👑 บอสสุดท้าย · 5 นาที | D31: ด่าน9 | E31: =COUNTIFS(ด่าน9!A:A,34,ด่าน9!E:E,"✓") -> 4 | F31: =IF(E31>=4,"🟢 พอ","🟠 เพิ่มชุด") -> 🟢 พอ

Sheet บท01
A1: บท 1 · ด่าน 1 · แป้นใหม่: ห ด า ว
A3: ลำดับ | B3: คำ | C3: ความถี่หนังสือเรียน | D3: ความถี่ทั่วไป | E3: เก็บ | F3: หมายเหตุ
A4: 1 | B4: หา | C4: 6255 | D4: 36043 | E4: ✓
A5: 2 | B5: วาด | C5: 260 | D5: 3276 | E5: ✓
A6: 3 | B6: ดาว | C6: 251 | D6: 8418 | E6: ✓
A7: 4 | B7: วา | C7: 250 | D7: 4146 | E7: ✓
A8: 5 | B8: หาด | C8: 191 | D8: 1259 | E8: ✓
A9: 6 | B9: ดา | C9: 108 | D9: 4813 | E9: ✓
A10: 7 | B10: ดาหา | C10: 54 | D10: 0 | E10: ✓
A11: 8 | B11: หด | C11: 53 | D11: 728 | E11: ✓
A12: 9 | B12: หวาด | C12: 52 | D12: 257 | E12: ✓
A13: 10 | B13: หวด | C13: 46 | D13: 376 | E13: ✓
A14: 11 | B14: หาว | C14: 42 | D14: 169 | E14: ✓
A15: 12 | B15: หวา | C15: 34 | D15: 212 | E15: ✓
... A18: 15 | B18: ดวด | C18: 7 | D18: 9 | E18: ✓
A19: 16
A20: 17
A21: 18
A22: 19
A23: 20
A24: 21
A25: 22
A26: 23
A27: 24
A28: 25
A29: 26
A30: 27
... A38: 35

Sheet บท02
A1: บท 2 · ด่าน 1 · แป้นใหม่: ก ส ่ ฟ
A3: ลำดับ | B3: คำ | C3: ความถี่หนังสือเรียน | D3: ความถี่ทั่วไป | E3: เก็บ | F3: หมายเหตุ
A4: 1 | B4: ว่า | C4: 40290 | D4: 358393 | E4: ✓
A5: 2 | B5: กว่า | C5: 4780 | D5: 71636 | E5: ✓
A6: 3 | B6: สาว | C6: 1089 | D6: 23795 | E6: ✓
A7: 4 | B7: หาก | C7: 1043 | D7: 28582 | E7: ✓
A8: 5 | B8: กา | C8: 628 | D8: 5854 | E8: ✓
A9: 6 | B9: หก | C9: 417 | D9: 3794 | E9: ✓
A10: 7 | B10: สา | C10: 292 | D10: 6496 | E10: ✓
A11: 8 | B11: สด | C11: 274 | D11: 3754 | E11: ✓
A12: 9 | B12: กวาด | C12: 224 | D12: 1158 | E12: ✓
A13: 10 | B13: กด | C13: 173 | D13: 3603 | E13: ✓
A14: 11 | B14: กก | C14: 159 | D14: 1055 | E14: ✓
A15: 12 | B15: ฟาด | C15: 159 | D15: 674 | E15: ✓
... A32: 29 | B32: ฟก | C32: 8 | D32: 99 | E32: ✓
A33: 30
A34: 31
A35: 32
A36: 33
A37: 34
A38: 35
A39: 36
A40: 37
A41: 38
A42: 39
A43: 40
A44: 41
... A52: 49

Sheet บท04
A1: บท 4 · ด่าน 2 · แป้นใหม่: เ ง ร
A3: ลำดับ | B3: คำ | C3: ความถี่หนังสือเรียน | D3: ความถี่ทั่วไป | E3: เก็บ | F3: หมายเหตุ
A4: 1 | B4: การ | C4: 25401 | D4: 592036 | E4: ✓
A5: 2 | B5: เรา | C5: 13966 | D5: 102429 | E5: ✓
A6: 3 | B6: ส่ง | C6: 2282 | D6: 26207 | E6: ✓
A7: 4 | B7: วาง | C7: 1228 | D7: 11262 | E7: ✓
A8: 5 | B8: สาร | C8: 1223 | D8: 8735 | E8: ✓
A9: 6 | B9: เก่ง | C9: 665 | D9: 4635 | E9: ✓
A10: 7 | B10: เก่า | C10: 659 | D10: 7756 | E10: ✓
A11: 8 | B11: หาง | C11: 529 | D11: 1606 | E11: ✓
A12: 9 | B12: สงสาร | C12: 517 | D12: 1930 | E12: ✓
A13: 10 | B13: เกรง | C13: 462 | D13: 1608 | E13: ✓
A14: 11 | B14: ดวง | C14: 440 | D14: 5669 | E14: ✓
A15: 12 | B15: ห่าง | C15: 425 | D15: 4835 | E15: ✓
... A113: 110 | B113: ง่วงเหงา | C113: 5 | D113: 12 | E113: ✓
A114: 111
A115: 112
A116: 113
A117: 114
A118: 115
A119: 116
A120: 117
A121: 118
A122: 119
A123: 120
A124: 121
A125: 122
... A133: 130

Sheet บท05
A1: บท 5 · ด่าน 2 · แป้นใหม่: ้ ำ ไ
A3: ลำดับ | B3: คำ | C3: ความถี่หนังสือเรียน | D3: ความถี่ทั่วไป | E3: เก็บ | F3: หมายเหตุ
A4: 1 | B4: ได้ | C4: 44513 | D4: 396750 | E4: ✓
A5: 2 | B5: ไว้ | C5: 9256 | D5: 70213 | E5: ✓
A6: 3 | B6: สร้าง | C6: 1376 | D6: 32877 | E6: ✓
A7: 4 | B7: ไก่ | C7: 1003 | D7: 3170 | E7: ✓
A8: 5 | B8: ไฟ | C8: 988 | D8: 7048 | E8: ✓
A9: 6 | B9: ดำ | C9: 898 | D9: 8712 | E9: ✓
A10: 7 | B10: ห้า | C10: 723 | D10: 7995 | E10: ✓
A11: 8 | B11: ไร่ | C11: 602 | D11: 3340 | E11: ✓
A12: 9 | B12: ฟ้า | C12: 549 | D12: 6325 | E12: ✓
A13: 10 | B13: ไหว้ | C13: 533 | D13: 2695 | E13: ✓
A14: 11 | B14: ไร | C14: 423 | D14: 1985 | E14: ✓
A15: 12 | B15: กว้าง | C15: 393 | D15: 6283 | E15: ✓
... A84: 81 | B84: ด้าว | C84: 5 | D84: 20 | E84: ✓
A85: 82
A86: 83
A87: 84
A88: 85
A89: 86
A90: 87
A91: 88
A92: 89
A93: 90
A94: 91
A95: 92
A96: 93
... A104: 101

Sheet บท07
A1: บท 7 · ด่าน 3 · แป้นใหม่: พ ะ ม น
A3: ลำดับ | B3: คำ | C3: ความถี่หนังสือเรียน | D3: ความถี่ทั่วไป | E3: เก็บ | F3: หมายเหตุ
A4: 1 | B4: ไม่ | C4: 45895 | D4: 451244 | E4: ✓
A5: 2 | B5: มา | C5: 37418 | D5: 315308 | E5: ✓
A6: 3 | B6: มาก | C6: 9155 | D6: 111366 | E6: ✓
A7: 4 | B7: เพราะ | C7: 8227 | D7: 85251 | E7: ✓
A8: 5 | B8: พระ | C8: 7200 | D8: 39627 | E8: ✓
A9: 6 | B9: น้ำ | C9: 5855 | D9: 34129 | E9: ✓
A10: 7 | B10: หน้า | C10: 4929 | D10: 44132 | E10: ✓
A11: 8 | B11: งาน | C11: 4261 | D11: 45447 | E11: ✓
A12: 9 | B12: นำ | C12: 4193 | D12: 46168 | E12: ✓
A13: 10 | B13: พวก | C13: 3811 | D13: 24251 | E13: ✓
A14: 11 | B14: พา | C14: 3492 | D14: 12980 | E14: ✓
A15: 12 | B15: ส่วน | C15: 3472 | D15: 59277 | E15: ✓
... A153: 150 | B153: ด่าน | C153: 66 | D153: 1018 | E153: ✓
A154: 151
A155: 152
A156: 153
A157: 154
A158: 155
A159: 156
A160: 157
A161: 158
A162: 159
A163: 160
A164: 161
A165: 162
... A173: 170

Sheet บท08
A1: บท 8 · ด่าน 3 · แป้นใหม่: ั ี แ ป
A3: ลำดับ | B3: คำ | C3: ความถี่หนังสือเรียน | D3: ความถี่ทั่วไป | E3: เก็บ | F3: หมายเหตุ
A4: 1 | B4: ไป | C4: 46567 | D4: 351980 | E4: ✓
A5: 2 | B5: มี | C5: 44899 | D5: 506209 | E5: ✓
A6: 3 | B6: กัน | C6: 21229 | D6: 173642 | E6: ✓
A7: 4 | B7: นั้น | C7: 16422 | D7: 134924 | E7: ✓
A8: 5 | B8: นี้ | C8: 15417 | D8: 173270 | E8: ✓
A9: 6 | B9: แม่ | C9: 10498 | D9: 30062 | E9: ✓
A10: 7 | B10: มัน | C10: 10431 | D10: 66023 | E10: ✓
A11: 8 | B11: ดี | C11: 9779 | D11: 85098 | E11: ✓
A12: 9 | B12: วัน | C12: 6491 | D12: 54715 | E12: ✓
A13: 10 | B13: ฟัง | C13: 4755 | D13: 19020 | E13: ✓
A14: 11 | B14: แก่ | C14: 4612 | D14: 29859 | E14: ✓
A15: 12 | B15: แสดง | C15: 3749 | D15: 33661 | E15: ✓
... A153: 150 | B153: ปี่ | C153: 115 | D153: 357 | E153: ✓
A154: 151
A155: 152
A156: 153
A157: 154
A158: 155
A159: 156
A160: 157
A161: 158
A162: 159
A163: 160
A164: 161
A165: 162
... A173: 170

Sheet บท10
A1: บท 10 · ด่าน 4 · แป้นใหม่: อ ิ ย ใ
A3: ลำดับ | B3: คำ | C3: ความถี่หนังสือเรียน | D3: ความถี่ทั่วไป | E3: เก็บ | F3: หมายเหตุ
A4: 1 | B4: ให้ | C4: 38715 | D4: 360539 | E4: ✓
A5: 2 | B5: ใน | C5: 35178 | D5: 537563 | E5: ✓
A6: 3 | B6: ด้วย | C6: 14694 | D6: 144359 | E6: ✓
A7: 4 | B7: อย่าง | C7: 13990 | D7: 156145 | E7: ✓
A8: 5 | B8: ออก | C8: 10413 | D8: 82369 | E8: ✓
A9: 6 | B9: ยัง | C9: 9618 | D9: 102249 | E9: ✓
A10: 7 | B10: อีก | C10: 8856 | D10: 90482 | E10: ✓
A11: 8 | B11: เสียง | C11: 7910 | D11: 34721 | E11: ✓
A12: 9 | B12: เอา | C12: 7328 | D12: 47499 | E12: ✓
A13: 10 | B13: พ่อ | C13: 7119 | D13: 21391 | E13: ✓
A14: 11 | B14: อะไร | C14: 6671 | D14: 62000 | E14: ✓
A15: 12 | B15: อ่าน | C15: 5939 | D15: 17163 | E15: ✓
... A153: 150 | B153: ส่อง | C153: 329 | D153: 1853 | E153: ✓
A154: 151
A155: 152
A156: 153
A157: 154
A158: 155
A159: 156
A160: 157
A161: 158
A162: 159
A163: 160
A164: 161
A165: 162
... A173: 170

Sheet บท11
A1: บท 11 · ด่าน 4 · แป้นใหม่: ท ื ผ ๆ
A3: ลำดับ | B3: คำ | C3: ความถี่หนังสือเรียน | D3: ความถี่ทั่วไป | E3: เก็บ | F3: หมายเหตุ
A4: 1 | B4: ที่ | C4: 63126 | D4: 818364 | E4: ✓
A5: 2 | B5: หรือ | C5: 14679 | D5: 184518 | E5: ✓
A6: 3 | B6: ทำ | C6: 12650 | D6: 94736 | E6: ✓
A7: 4 | B7: เมื่อ | C7: 11567 | D7: 90185 | E7: ✓
A8: 5 | B8: เรื่อง | C8: 9511 | D8: 103410 | E8: ✓
A9: 6 | B9: ท่าน | C9: 8095 | D9: 32851 | E9: ✓
A10: 7 | B10: ทั้ง | C10: 7441 | D10: 66393 | E10: ✓
A11: 8 | B11: ทาง | C11: 6483 | D11: 104557 | E11: ✓
A12: 9 | B12: เพื่อ | C12: 5847 | D12: 93642 | E12: ✓
A13: 10 | B13: ผม | C13: 5530 | D13: 90499 | E13: ✓
A14: 11 | B14: ทำให้ | C14: 4894 | D14: 73165 | E14: ✓
A15: 12 | B15: เหมือน | C15: 4766 | D15: 39596 | E15: ✓
... A153: 150 | B153: เงินทอง | C153: 181 | D153: 1006 | E153: ✓
A154: 151
A155: 152
A156: 153
A157: 154
A158: 155
A159: 156
A160: 157
A161: 158
A162: 159
A163: 160
A164: 161
A165: 162
... A173: 170

Sheet บท13
A1: บท 13 · ด่าน 5 · แป้นใหม่: บ ล ฝ
A3: ลำดับ | B3: คำ | C3: ความถี่หนังสือเรียน | D3: ความถี่ทั่วไป | E3: เก็บ | F3: หมายเหตุ
A4: 1 | B4: และ | C4: 34584 | D4: 467702 | E4: ✓
A5: 2 | B5: แล้ว | C5: 26765 | D5: 192645 | E5: ✓
A6: 3 | B6: กับ | C6: 16221 | D6: 196873 | E6: ✓
A7: 4 | B7: ลง | C7: 7923 | D7: 61584 | E7: ✓
A8: 5 | B8: บ้าน | C8: 6684 | D8: 38126 | E8: ✓
A9: 6 | B9: บอก | C9: 6170 | D9: 43675 | E9: ✓
A10: 7 | B10: เวลา | C10: 5948 | D10: 61608 | E10: ✓
A11: 8 | B11: เลย | C11: 5618 | D11: 65857 | E11: ✓
A12: 9 | B12: รับ | C12: 5498 | D12: 38329 | E12: ✓
A13: 10 | B13: กลับ | C13: 4852 | D13: 43632 | E13: ✓
A14: 11 | B14: บ้าง | C14: 4319 | D14: 23267 | E14: ✓
A15: 12 | B15: บาง | C15: 3992 | D15: 42278 | E15: ✓
... A153: 150 | B153: มอบ | C153: 321 | D153: 3627 | E153: ✓
A154: 151
A155: 152
A156: 153
A157: 154
A158: 155
A159: 156
A160: 157
A161: 158
A162: 159
A163: 160
A164: 161
A165: 162
... A173: 170

Sheet บท14
A1: บท 14 · ด่าน 5 · แป้นใหม่: ค ต ถ ภ
A3: ลำดับ | B3: คำ | C3: ความถี่หนังสือเรียน | D3: ความถี่ทั่วไป | E3: เก็บ | F3: หมายเหตุ
A4: 1 | B4: ความ | C4: 27623 | D4: 230926 | E4: ✓
A5: 2 | B5: คน | C5: 23226 | D5: 221718 | E5: ✓
A6: 3 | B6: แต่ | C6: 17977 | D6: 169729 | E6: ✓
A7: 4 | B7: ต้อง | C7: 13585 | D7: 152506 | E7: ✓
A8: 5 | B8: คำ | C8: 12014 | D8: 35694 | E8: ✓
A9: 6 | B9: ตัว | C9: 10462 | D9: 69977 | E9: ✓
A10: 7 | B10: ตาม | C10: 10082 | D10: 114643 | E10: ✓
A11: 8 | B11: ถ้า | C11: 7486 | D11: 63755 | E11: ✓
A12: 9 | B12: คิด | C12: 6733 | D12: 40240 | E12: ✓
A13: 10 | B13: คือ | C13: 6388 | D13: 79009 | E13: ✓
A14: 11 | B14: คง | C14: 4481 | D14: 34378 | E14: ✓
A15: 12 | B15: ใคร | C15: 4383 | D15: 36549 | E15: ✓
... A153: 150 | B153: ปกครอง | C153: 301 | D153: 9255 | E153: ✓
A154: 151
A155: 152
A156: 153
A157: 154
A158: 155
A159: 156
A160: 157
A161: 158
A162: 159
A163: 160
A164: 161
A165: 162
... A173: 170

Sheet บท15
A1: บท 15 · ด่าน 5 · แป้นใหม่: ุ ึ
A3: ลำดับ | B3: คำ | C3: ความถี่หนังสือเรียน | D3: ความถี่ทั่วไป | E3: เก็บ | F3: หมายเหตุ
A4: 1 | B4: หนึ่ง | C4: 11965 | D4: 90196 | E4: ✓
A5: 2 | B5: ถึง | C5: 8717 | D5: 88464 | E5: ✓
A6: 3 | B6: ทุก | C6: 6093 | D6: 54867 | E6: ✓
A7: 4 | B7: ที่สุด | C7: 1734 | D7: 30312 | E7: ✓
A8: 5 | B8: บุคคล | C8: 1582 | D8: 23533 | E8: ✓
A9: 6 | B9: เหตุ | C9: 1450 | D9: 14775 | E9: ✓
A10: 7 | B10: นึก | C10: 1446 | D10: 8475 | E10: ✓
A11: 8 | B11: หยุด | C11: 1266 | D11: 9059 | E11: ✓
A12: 9 | B12: กลุ่ม | C12: 1193 | D12: 37535 | E12: ✓
A13: 10 | B13: อายุ | C13: 1125 | D13: 13003 | E13: ✓
A14: 11 | B14: เหตุผล | C14: 1085 | D14: 9415 | E14: ✓
A15: 12 | B15: ลุก | C15: 1029 | D15: 5819 | E15: ✓
... A153: 150 | B153: ปุ | C153: 82 | D153: 363 | E153: ✓
A154: 151
A155: 152
A156: 153
A157: 154
A158: 155
A159: 156
A160: 157
A161: 158
A162: 159
A163: 160
A164: 161
A165: 162
... A173: 170

Sheet บท16
A1: บท 16 · ด่าน 5 · แป้นใหม่: จ ข ช
A3: ลำดับ | B3: คำ | C3: ความถี่หนังสือเรียน | D3: ความถี่ทั่วไป | E3: เก็บ | F3: หมายเหตุ
A4: 1 | B4: จะ | C4: 51681 | D4: 501374 | E4: ✓
A5: 2 | B5: ของ | C5: 36425 | D5: 506314 | E5: ✓
A6: 3 | B6: เขา | C6: 16563 | D6: 141791 | E6: ✓
A7: 4 | B7: ขึ้น | C7: 14738 | D7: 143277 | E7: ✓
A8: 5 | B8: จึง | C8: 14539 | D8: 75094 | E8: ✓
A9: 6 | B9: ใช้ | C9: 11558 | D9: 110741 | E9: ✓
A10: 7 | B10: จาก | C10: 10720 | D10: 174522 | E10: ✓
A11: 8 | B11: เข้า | C11: 10345 | D11: 87791 | E11: ✓
A12: 9 | B12: เช่น | C12: 5916 | D12: 50911 | E12: ✓
A13: 10 | B13: จน | C13: 5420 | D13: 41260 | E13: ✓
A14: 11 | B14: ช่วย | C14: 5314 | D14: 32370 | E14: ✓
A15: 12 | B15: เจ้า | C15: 5146 | D15: 15577 | E15: ✓
... A153: 150 | B153: ที่จริง | C153: 283 | D153: 2229 | E153: ✓
A154: 151
A155: 152
A156: 153
A157: 154
A158: 155
A159: 156
A160: 157
A161: 158
A162: 159
A163: 160
A164: 161
A165: 162
... A173: 170

Sheet บท18
A1: บท 18 · ด่าน 6 · แป้นใหม่: โ ธ ณ
A3: ลำดับ | B3: คำ | C3: ความถี่หนังสือเรียน | D3: ความถี่ทั่วไป | E3: เก็บ | F3: หมายเหตุ
A4: 1 | B4: โดย | C4: 5138 | D4: 110905 | E4: ✓
A5: 2 | B5: เธอ | C5: 4583 | D5: 68911 | E5: ✓
A6: 3 | B6: คุณ | C6: 2619 | D6: 67639 | E6: ✓
A7: 4 | B7: โรงเรียน | C7: 2506 | D7: 12356 | E7: ✓
A8: 5 | B8: ประโยค | C8: 2405 | D8: 4873 | E8: ✓
A9: 6 | B9: โลก | C9: 1613 | D9: 32385 | E9: ✓
A10: 7 | B10: คุณแม่ | C10: 1395 | D10: 3892 | E10: ✓
A11: 8 | B11: วิธี | C11: 1390 | D11: 15311 | E11: ✓
A12: 9 | B12: โอกาส | C12: 1250 | D12: 14902 | E12: ✓
A13: 10 | B13: โต | C13: 1185 | D13: 9736 | E13: ✓
A14: 11 | B14: พิจารณา | C14: 1112 | D14: 23191 | E14: ✓
A15: 12 | B15: โกรธ | C15: 854 | D15: 4270 | E15: ✓
... A153: 150 | B153: โอบ | C153: 85 | D153: 719 | E153: ✓
A154: 151
A155: 152
A156: 153
A157: 154
A158: 155
A159: 156
A160: 157
A161: 158
A162: 159
A163: 160
A164: 161
A165: 162
... A173: 170

Sheet บท19
A1: บท 19 · ด่าน 6 · แป้นใหม่: ็ ์ ฉ
A3: ลำดับ | B3: คำ | C3: ความถี่หนังสือเรียน | D3: ความถี่ทั่วไป | E3: เก็บ | F3: หมายเหตุ
A4: 1 | B4: เป็น | C4: 51273 | D4: 540030 | E4: ✓
A5: 2 | B5: ก็ | C5: 46409 | D5: 299255 | E5: ✓
A6: 3 | B6: ฉัน | C6: 12075 | D6: 81824 | E6: ✓
A7: 4 | B7: เห็น | C7: 11772 | D7: 78336 | E7: ✓
A8: 5 | B8: เด็ก | C8: 4450 | D8: 40233 | E8: ✓
A9: 6 | B9: สัตว์ | C9: 2636 | D9: 10479 | E9: ✓
A10: 7 | B10: ประโยชน์ | C10: 1997 | D10: 15787 | E10: ✓
A11: 8 | B11: เก็บ | C11: 1620 | D11: 16071 | E11: ✓
A12: 9 | B12: พระองค์ | C12: 1603 | D12: 7207 | E12: ✓
A13: 10 | B13: เล็ก | C13: 1437 | D13: 18991 | E13: ✓
A14: 11 | B14: เป็นต้น | C14: 1302 | D14: 10667 | E14: ✓
A15: 12 | B15: เด็กๆ | C15: 1237 | D15: 0 | E15: ✓
... A153: 150 | B153: มนต์ | C153: 94 | D153: 487 | E153: ✓
A154: 151
A155: 152
A156: 153
A157: 154
A158: 155
A159: 156
A160: 157
A161: 158
A162: 159
A163: 160
A164: 161
A165: 162
... A173: 170

Sheet บท20
A1: บท 20 · ด่าน 6 · แป้นใหม่: ซ ญ ศ ฮ
A3: ลำดับ | B3: คำ | C3: ความถี่หนังสือเรียน | D3: ความถี่ทั่วไป | E3: เก็บ | F3: หมายเหตุ
A4: 1 | B4: ซึ่ง | C4: 7907 | D4: 120255 | E4: ✓
A5: 2 | B5: ใหญ่ | C5: 3792 | D5: 31026 | E5: ✓
A6: 3 | B6: สำคัญ | C6: 2555 | D6: 21361 | E6: ✓
A7: 4 | B7: ซื้อ | C7: 1678 | D7: 17629 | E7: ✓
A8: 5 | B8: ประเทศ | C8: 1282 | D8: 58909 | E8: ✓
A9: 6 | B9: อาศัย | C9: 1280 | D9: 11590 | E9: ✓
A10: 7 | B10: หญิง | C10: 1277 | D10: 18486 | E10: ✓
A11: 8 | B11: ซี | C11: 1028 | D11: 7869 | E11: ✓
A12: 9 | B12: ปัญหา | C12: 987 | D12: 37404 | E12: ✓
A13: 10 | B13: หญ้า | C13: 975 | D13: 2338 | E13: ✓
A14: 11 | B14: ซิ | C14: 950 | D14: 3198 | E14: ✓
A15: 12 | B15: พยัญชนะ | C15: 836 | D15: 330 | E15: ✓
... A153: 150 | B153: เศียร | C153: 67 | D153: 213 | E153: ✓
A154: 151
A155: 152
A156: 153
A157: 154
A158: 155
A159: 156
A160: 157
A161: 158
A162: 159
A163: 160
A164: 161
A165: 162
... A173: 170

Sheet บท22
A1: บท 22 · ด่าน 7 · แป้นใหม่: ู ษ ฒ ฆ
A3: ลำดับ | B3: คำ | C3: ความถี่หนังสือเรียน | D3: ความถี่ทั่วไป | E3: เก็บ | F3: หมายเหตุ
A4: 1 | B4: อยู่ | C4: 25378 | D4: 184712 | E4: ✓
A5: 2 | B5: ผู้ | C5: 11662 | D5: 121530 | E5: ✓
A6: 3 | B6: พูด | C6: 9439 | D6: 38322 | E6: ✓
A7: 4 | B7: ลูก | C7: 9034 | D7: 30980 | E7: ✓
A8: 5 | B8: ดู | C8: 7837 | D8: 50710 | E8: ✓
A9: 6 | B9: รู้ | C9: 7798 | D9: 48379 | E9: ✓
A10: 7 | B10: ภาษา | C10: 5561 | D10: 21080 | E10: ✓
A11: 8 | B11: ถูก | C11: 3563 | D11: 55654 | E11: ✓
A12: 9 | B12: รู้สึก | C12: 3236 | D12: 20126 | E12: ✓
A13: 10 | B13: มนุษย์ | C13: 2474 | D13: 18063 | E13: ✓
A14: 11 | B14: รู้จัก | C14: 2207 | D14: 13708 | E14: ✓
A15: 12 | B15: ครู | C15: 2203 | D15: 13706 | E15: ✓
... A153: 150 | B153: กู้ | C153: 107 | D153: 2108 | E153: ✓
A154: 151
A155: 152
A156: 153
A157: 154
A158: 155
A159: 156
A160: 157
A161: 158
A162: 159
A163: 160
A164: 161
A165: 162
... A173: 170

Sheet บท23
A1: บท 23 · ด่าน 7 · แป้นใหม่: ๊ ๋ ฏ ฐ
A3: ลำดับ | B3: คำ | C3: ความถี่หนังสือเรียน | D3: ความถี่ทั่วไป | E3: เก็บ | F3: หมายเหตุ
A4: 1 | B4: ปรากฏ | C4: 1212 | D4: 13998 | E4: ✓
A5: 2 | B5: ปฏิบัติ | C5: 800 | D5: 17284 | E5: ✓
A6: 3 | B6: จ๊ะ | C6: 749 | D6: 1539 | E6: ✓
A7: 4 | B7: โต๊ะ | C7: 633 | D7: 5885 | E7: ✓
A8: 5 | B8: เอ๋ย | C8: 593 | D8: 528 | E8: ✓
A9: 6 | B9: ฐานะ | C9: 449 | D9: 9843 | E9: ✓
A10: 7 | B10: เดี๋ยวนี้ | C10: 448 | D10: 2379 | E10: ✓
A11: 8 | B11: เดี๋ยว | C11: 418 | D11: 5770 | E11: ✓
A12: 9 | B12: กระเป๋า | C12: 404 | D12: 4414 | E12: ✓
A13: 10 | B13: จ๋า | C13: 286 | D13: 670 | E13: ✓
A14: 11 | B14: เศรษฐี | C14: 260 | D14: 1236 | E14: ✓
A15: 12 | B15: ตุ๊กตา | C15: 256 | D15: 1322 | E15: ✓
... A153: 150 | B153: ก๊าด | C153: 10 | D153: 6 | E153: ✓
A154: 151
A155: 152
A156: 153
A157: 154
A158: 155
A159: 156
A160: 157
A161: 158
A162: 159
A163: 160
A164: 161
A165: 162
... A173: 170

Sheet บท24
A1: บท 24 · ด่าน 7 · แป้นใหม่: ฎ ฑ ฌ ฬ ฤ ฯ
A3: ลำดับ | B3: คำ | C3: ความถี่หนังสือเรียน | D3: ความถี่ทั่วไป | E3: เก็บ | F3: หมายเหตุ
A4: 1 | B4: ปลาวาฬ | C4: 627 | D4: 134 | E4: ✓
A5: 2 | B5: อังกฤษ | C5: 516 | D5: 9048 | E5: ✓
A6: 3 | B6: ฤดู | C6: 480 | D6: 2560 | E6: ✓
A7: 4 | B7: ประพฤติ | C7: 390 | D7: 2226 | E7: ✓
A8: 5 | B8: กฎหมาย | C8: 315 | D8: 25724 | E8: ✓
A9: 6 | B9: บัณฑิต | C9: 286 | D9: 1197 | E9: ✓
A10: 7 | B10: กรุงเทพฯ | C10: 282 | D10: 0 | E10: ✓
A11: 8 | B11: กฎ | C11: 259 | D11: 4133 | E11: ✓
A12: 9 | B12: ราษฎร | C12: 257 | D12: 2190 | E12: ✓
A13: 10 | B13: ฤทธิ์ | C13: 224 | D13: 3437 | E13: ✓
A14: 11 | B14: นาฬิกา | C14: 217 | D14: 2600 | E14: ✓
A15: 12 | B15: เกณฑ์ | C15: 183 | D15: 3091 | E15: ✓
... A139: 136 | B139: ปฤจฉาสรรพนาม | C139: 5 | D139: 0 | E139: ✓
A140: 137
A141: 138
A142: 139
A143: 140
A144: 141
A145: 142
A146: 143
A147: 144
A148: 145
A149: 146
A150: 147
A151: 148
... A159: 156

Sheet ด่าน9
A1: ด่าน 9 · ประโยคยาว (บท 30–34) — ข้อความแต่งใหม่ทั้งหมด ไม่ได้คัดลอกจากหนังสือ
A3: บท | B3: ชุด | C3: หัวข้อ | D3: จำนวนตัว | E3: ใช้ | F3: ข้อความ
A4: 30 | B4: 30A | C4: ตอนเช้า | D4: =LEN(F4) -> 103 | E4: ✓ | F4: ทุกเช้าฉันตื่นนอนแล้วรีบแปรงฟัน ล้างหน้า และแต่งตัวไปโรงเรียน แม่เตรียมข้าวต้มร้อน ๆ ไว้ให้บนโต๊ะทุกวัน
A5: 30 | B5: 30B | C5: ห้องสมุด | D5: =LEN(F5) -> 88 | E5: ✓ | F5: ห้องสมุดของโรงเรียนเรามีหนังสือนิทานมากมาย นักเรียนยืมกลับไปอ่านที่บ้านได้ครั้งละสองเล่ม
A6: 30 | B6: 30C | C6: ฝนตก | D6: =LEN(F6) -> 92 | E6: ✓ | F6: ฝนตกหนักตั้งแต่บ่ายจนถึงค่ำ ถนนหน้าบ้านมีน้ำขัง เด็ก ๆ จึงต้องเดินเลียบขอบทางอย่างระมัดระวัง
A7: 30 | B7: 30D | C7: คุณตากับแมว | D7: =LEN(F7) -> 101 | E7: ✓ | F7: คุณตาชอบนั่งอ่านหนังสือพิมพ์ใต้ต้นมะม่วงหลังบ้าน ส่วนแมวสีส้มของเราก็มักจะนอนหลับอยู่ข้าง ๆ คุณตาเสมอ
A8: 30 | B8: 30E | C8: ปลูกถั่วงอก | D8: =LEN(F8) -> 106 | E8: ✓ | F8: วันนี้ครูให้นักเรียนจับคู่กันทำการทดลองปลูกถั่วงอก แล้วจดบันทึกความสูงของต้นถั่วทุกวันเป็นเวลาหนึ่งสัปดาห์
A9: 31 | B9: 31A | C9: ลูกช้างพลายน้อย | D9: =LEN(F9) -> 332 | E9: ✓ | F9: กาลครั้งหนึ่ง มีลูกช้างตัวหนึ่งชื่อพลายน้อย มันชอบเล่นน้ำที่ลำธารใกล้หมู่บ้าน วันหนึ่งพลายน้อยเห็นนกตัวเล็กติดอยู่ในพุ่มไม้ริมน้ำ มันจึงใช้งวงค่อย ๆ แหวกกิ่งไม้ออกจนนกบินหนีไปได้ ไม่กี่วันต่อมา นกตัวนั้นบินกลับมาเตือนพลายน้อยว่ามีนายพรานซ่อนอยู่หลังต้นไม้ใหญ่ พลายน้อยจึงพาแม่หนีไปได้อย่างปลอดภัย ความดีที่เราทำย่อมกลับมาช่วยเราเสมอ
A10: 31 | B10: 31B | C10: ต้นมะเขือเทศ | D10: =LEN(F10) -> 296 | E10: ✓ | F10: สมใจปลูกต้นมะเขือเทศไว้ในกระถางหลังบ้าน ทุกเช้าเธอรดน้ำและคอยดูว่ามีหนอนมากินใบหรือไม่ ผ่านไปหนึ่งเดือน ต้นมะเขือเทศเริ่มออกดอกสีเหลืองเล็ก ๆ อีกไม่นานดอกเหล่านั้นก็กลายเป็นผลสีเขียว แล้วค่อย ๆ เปลี่ยนเป็นสีแดง สมใจเก็บผลแรกไปให้คุณยายชิม คุณยายยิ้มและบอกว่าเป็นมะเขือเทศที่อร่อยที่สุดที่เคยกินมา
A11: 31 | B11: 31C | C11: มดกับตั๊กแตน | D11: =LEN(F11) -> 344 | E11: ✓ | F11: ในฤดูร้อนปีหนึ่ง มดตัวเล็ก ๆ ขยันแบกเมล็ดข้าวกลับรังทุกวัน ขณะที่ตั๊กแตนนอนร้องเพลงอยู่บนใบหญ้า ตั๊กแตนหัวเราะและถามว่าทำไมต้องเหนื่อยขนาดนั้น มดตอบว่าอีกไม่นานฝนจะตกหนักและหาอาหารได้ยาก เมื่อฤดูฝนมาถึงจริง ตั๊กแตนหิวโซจนต้องมาขออาหารจากมด มดแบ่งข้าวให้กินและบอกว่า ปีหน้าเรามาช่วยกันเก็บอาหารตั้งแต่เนิ่น ๆ นะ ตั๊กแตนพยักหน้ารับด้วยความละอายใจ
A12: 31 | B12: 31D | C12: บ้านคุณยาย | D12: =LEN(F12) -> 347 | E12: ✓ | F12: ปิดเทอมนี้ภูมิได้ไปเที่ยวบ้านคุณยายที่ต่างจังหวัด บ้านคุณยายอยู่ติดกับทุ่งนากว้าง ตอนเย็นภูมิชอบปั่นจักรยานไปตามคันนาเพื่อดูฝูงนกบินกลับรัง คืนหนึ่งไฟดับทั้งหมู่บ้าน ภูมิกลัวมาก แต่คุณยายจุดเทียนแล้วชวนออกไปนั่งดูดาวที่ลานหน้าบ้าน ภูมิไม่เคยเห็นดาวมากขนาดนี้มาก่อน คุณยายชี้ให้ดูกลุ่มดาวไก่ และเล่าว่าสมัยก่อนคนใช้ดาวบอกทิศทางเวลาเดินทางตอนกลางคืน
A13: 31 | B13: 31E | C13: เพื่อนใหม่ | D13: =LEN(F13) -> 343 | E13: ✓ | F13: เช้าวันจันทร์ ห้องเรียนของเรามีเพื่อนใหม่ชื่อมายด์ มายด์เพิ่งย้ายมาจากโรงเรียนอื่นจึงยังไม่รู้จักใคร ช่วงพักกลางวันเธอนั่งกินข้าวอยู่คนเดียว ฉันกับเพื่อนอีกสองคนจึงเดินไปชวนเธอมานั่งด้วยกัน เราคุยกันเรื่องการ์ตูนที่ชอบ และพบว่ามายด์วาดรูปเก่งมาก หลังจากวันนั้น มายด์ก็มีเพื่อนเล่นทุกวัน และยังช่วยวาดภาพประกอบให้รายงานกลุ่มของเราจนได้คะแนนเต็ม
A14: 32 | B14: 32A | C14: วัฏจักรน้ำ | D14: =LEN(F14) -> 400 | E14: ✓ | F14: น้ำบนโลกเคลื่อนที่เป็นวัฏจักรไม่มีวันหยุด เมื่อแสงแดดส่องลงบนแม่น้ำ ทะเล และมหาสมุทร น้ำบางส่วนจะระเหยกลายเป็นไอลอยขึ้นสู่ท้องฟ้า เมื่อไอน้ำลอยสูงขึ้นไปเจออากาศเย็น ก็จะควบแน่นเป็นหยดน้ำเล็ก ๆ รวมตัวกันเป็นก้อนเมฆ เมื่อหยดน้ำในเมฆรวมกันจนหนักมากขึ้น ก็จะตกลงมาเป็นฝน น้ำฝนไหลลงสู่ลำธารและแม่น้ำ บางส่วนซึมลงไปใต้ดิน แล้วในที่สุดก็ไหลกลับสู่ทะเลอีกครั้ง วัฏจักรนี้ทำให้โลกของเรามีน้ำจืดใช้อยู่ตลอดเวลา
A15: 32 | B15: 32B | C15: สงกรานต์ | D15: =LEN(F15) -> 388 | E15: ✓ | F15: สงกรานต์เป็นประเพณีขึ้นปีใหม่ของไทยที่จัดขึ้นในช่วงกลางเดือนเมษายน ในช่วงนี้ผู้คนจำนวนมากเดินทางกลับบ้านเกิดเพื่อพบครอบครัว ตอนเช้าหลายบ้านจะไปทำบุญตักบาตรที่วัด จากนั้นลูกหลานจะรดน้ำดำหัวผู้ใหญ่ เพื่อแสดงความเคารพและขอพรให้ชีวิตมีความสุข ส่วนการเล่นสาดน้ำนั้นช่วยคลายความร้อนในหน้าร้อน แต่เราควรเล่นอย่างสุภาพ ไม่ใช้น้ำสกปรก และไม่สาดน้ำใส่คนที่ไม่ต้องการเล่น เพื่อให้ทุกคนสนุกและปลอดภัย
... A27: 34 | B27: 34D | C27: พลอยหัดพิมพ์สัมผัส | D27: =LEN(F27) -> 856 | E27: ✓ | F27: เมื่อต้นปีการศึกษา พลอยพิมพ์งานในคอมพิวเตอร์ได้ช้ามาก เธอต้องก้มมองแป้นพิมพ์ทุกครั้งก่อนกดตัวอักษร และใช้นิ้วเพียงสองนิ้วจิ้มไปทีละตัว การพิมพ์รายงานสั้น ๆ เพียงหนึ่งหน้าจึงใช้เวลาเกือบทั้งคาบ ครูคอมพิวเตอร์แนะนำให้พลอยลองฝึกพิมพ์สัมผัส โดยวางนิ้วทั้งแปดนิ้วไว้ที่แป้นเหย้า และพยายามไม่ก้มมองแป้นพิมพ์ ช่วงแรกพลอยรู้สึกว่ายากกว่าเดิมมาก เธอพิมพ์ผิดบ่อยจนอยากกลับไปใช้สองนิ้วเหมือนเดิม แต่ครูบอกว่าทุกทักษะต้องใช้เวลา ขอให้ฝึกวันละนิดแต่ทำทุกวัน พลอยจึงตั้งเป้าว่าจะฝึกวันละสิบห้านาทีก่อนทำการบ้าน ผ่านไปหนึ่งเดือน พลอยเริ่มจำตำแหน่งแป้นได้โดยไม่ต้องมอง ผ่านไปสามเดือน เธอพิมพ์ได้เร็วกว่าตอนใช้สองนิ้วเกือบเท่าตัว และไม่ต้องเงยหน้าก้มหน้าจนปวดคออีกต่อไป เมื่อมีการแข่งขันพิมพ์ดีดของโรงเรียน พลอยตัดสินใจลงสมัคร แม้จะไม่ได้รางวัลที่หนึ่ง แต่เธอก็ทำสถิติได้ดีที่สุดของตัวเอง และรู้แล้วว่าความพยายามเล็ก ๆ ที่ทำทุกวันสามารถเปลี่ยนแปลงสิ่งที่เคยคิดว่ายากได้จริง
D28: =IF(F28="","",LEN(F28))
D29: =IF(F29="","",LEN(F29))
D30: =IF(F30="","",LEN(F30))
D31: =IF(F31="","",LEN(F31))
D32: =IF(F32="","",LEN(F32))
D33: =IF(F33="","",LEN(F33))
D34: =IF(F34="","",LEN(F34))
D35: =IF(F35="","",LEN(F35))
D36: =IF(F36="","",LEN(F36))
D37: =IF(F37="","",LEN(F37))
